{
  "project": "migration",
  "global": {
    "input": 153841,
    "output": 235567,
    "costUsd": 3.9950280000000005,
    "totalCalls": 34
  },
  "batches": {},
  "programs": {
    "28": {
      "input": 74488,
      "output": 73467,
      "costUsd": 1.3254690000000002
    },
    "32": {
      "input": 25598,
      "output": 96839,
      "costUsd": 1.5293789999999998
    },
    "33": {
      "input": 25081,
      "output": 48958,
      "costUsd": 0.8096129999999999
    },
    "80": {
      "input": 4254,
      "output": 1394,
      "costUsd": 0.033672
    },
    "257": {
      "input": 24420,
      "output": 14909,
      "costUsd": 0.296895
    }
  }
}