{
  "project": "migration",
  "global": {
    "input": 404376,
    "output": 371880,
    "costUsd": 6.791328000000001,
    "totalCalls": 57
  },
  "batches": {},
  "programs": {
    "28": {
      "input": 168556,
      "output": 86519,
      "costUsd": 1.8034530000000002
    },
    "32": {
      "input": 123231,
      "output": 196155,
      "costUsd": 3.312018
    },
    "33": {
      "input": 83915,
      "output": 72903,
      "costUsd": 1.3452899999999997
    },
    "80": {
      "input": 4254,
      "output": 1394,
      "costUsd": 0.033672
    },
    "257": {
      "input": 24420,
      "output": 14909,
      "costUsd": 0.296895
    }
  }
}