{
  "project": "migration",
  "global": {
    "input": 374398,
    "output": 370144,
    "costUsd": 6.6753540000000005,
    "totalCalls": 54
  },
  "batches": {},
  "programs": {
    "28": {
      "input": 153337,
      "output": 85871,
      "costUsd": 1.7480760000000002
    },
    "32": {
      "input": 115682,
      "output": 195556,
      "costUsd": 3.280386
    },
    "33": {
      "input": 76705,
      "output": 72414,
      "costUsd": 1.3163249999999997
    },
    "80": {
      "input": 4254,
      "output": 1394,
      "costUsd": 0.033672
    },
    "257": {
      "input": 24420,
      "output": 14909,
      "costUsd": 0.296895
    }
  }
}