{
  "project": "migration",
  "global": {
    "input": 197687,
    "output": 237381,
    "costUsd": 4.153776,
    "totalCalls": 37
  },
  "batches": {},
  "programs": {
    "28": {
      "input": 99483,
      "output": 74251,
      "costUsd": 1.4122140000000003
    },
    "32": {
      "input": 35167,
      "output": 97327,
      "costUsd": 1.5654059999999999
    },
    "33": {
      "input": 34363,
      "output": 49500,
      "costUsd": 0.8455889999999999
    },
    "80": {
      "input": 4254,
      "output": 1394,
      "costUsd": 0.033672
    },
    "257": {
      "input": 24420,
      "output": 14909,
      "costUsd": 0.296895
    }
  }
}