{
  "project": "migration",
  "global": {
    "input": 3072949,
    "output": 773836,
    "costUsd": 20.826387000000004,
    "totalCalls": 122
  },
  "batches": {},
  "programs": {
    "28": {
      "input": 483994,
      "output": 141187,
      "costUsd": 3.5697870000000003
    },
    "32": {
      "input": 250060,
      "output": 219758,
      "costUsd": 4.04655
    },
    "33": {
      "input": 209313,
      "output": 99248,
      "costUsd": 2.116659
    },
    "42": {
      "input": 24525,
      "output": 13094,
      "costUsd": 0.269985
    },
    "45": {
      "input": 21490,
      "output": 13905,
      "costUsd": 0.273045
    },
    "46": {
      "input": 18995,
      "output": 10119,
      "costUsd": 0.20876999999999998
    },
    "69": {
      "input": 393282,
      "output": 32269,
      "costUsd": 1.663881
    },
    "70": {
      "input": 398400,
      "output": 32653,
      "costUsd": 1.684995
    },
    "71": {
      "input": 192371,
      "output": 61727,
      "costUsd": 1.503018
    },
    "72": {
      "input": 461264,
      "output": 67967,
      "costUsd": 2.4032970000000002
    },
    "73": {
      "input": 104560,
      "output": 17935,
      "costUsd": 0.582705
    },
    "74": {
      "input": 76596,
      "output": 12322,
      "costUsd": 0.41461800000000004
    },
    "76": {
      "input": 409425,
      "output": 35349,
      "costUsd": 1.75851
    },
    "80": {
      "input": 4254,
      "output": 1394,
      "costUsd": 0.033672
    },
    "257": {
      "input": 24420,
      "output": 14909,
      "costUsd": 0.296895
    }
  }
}