{
  "project": "migration",
  "global": {
    "input": 65230,
    "output": 231845,
    "costUsd": 3.673365,
    "totalCalls": 28
  },
  "batches": {},
  "programs": {
    "28": {
      "input": 24515,
      "output": 71986,
      "costUsd": 1.1533350000000002
    },
    "32": {
      "input": 5992,
      "output": 95707,
      "costUsd": 1.4535809999999998
    },
    "33": {
      "input": 6049,
      "output": 47849,
      "costUsd": 0.7358819999999999
    },
    "80": {
      "input": 4254,
      "output": 1394,
      "costUsd": 0.033672
    },
    "257": {
      "input": 24420,
      "output": 14909,
      "costUsd": 0.296895
    }
  }
}