{
  "project": "migration",
  "global": {
    "input": 770229,
    "output": 422439,
    "costUsd": 8.647272000000005,
    "totalCalls": 81
  },
  "batches": {},
  "programs": {
    "28": {
      "input": 367266,
      "output": 111698,
      "costUsd": 2.7772680000000003
    },
    "32": {
      "input": 209247,
      "output": 209370,
      "costUsd": 3.768291
    },
    "33": {
      "input": 165042,
      "output": 85068,
      "costUsd": 1.7711459999999999
    },
    "80": {
      "input": 4254,
      "output": 1394,
      "costUsd": 0.033672
    },
    "257": {
      "input": 24420,
      "output": 14909,
      "costUsd": 0.296895
    }
  }
}