{
  "project": "migration",
  "global": {
    "input": 617968,
    "output": 413290,
    "costUsd": 8.053254,
    "totalCalls": 66
  },
  "batches": {},
  "programs": {
    "28": {
      "input": 289912,
      "output": 107972,
      "costUsd": 2.4893160000000005
    },
    "32": {
      "input": 170790,
      "output": 206661,
      "costUsd": 3.6122850000000004
    },
    "33": {
      "input": 128592,
      "output": 82354,
      "costUsd": 1.6210859999999998
    },
    "80": {
      "input": 4254,
      "output": 1394,
      "costUsd": 0.033672
    },
    "257": {
      "input": 24420,
      "output": 14909,
      "costUsd": 0.296895
    }
  }
}