{
  "project": "migration",
  "global": {
    "input": 972041,
    "output": 476496,
    "costUsd": 10.063563000000006,
    "totalCalls": 87
  },
  "batches": {},
  "programs": {
    "28": {
      "input": 483994,
      "output": 141187,
      "costUsd": 3.5697870000000003
    },
    "32": {
      "input": 250060,
      "output": 219758,
      "costUsd": 4.04655
    },
    "33": {
      "input": 209313,
      "output": 99248,
      "costUsd": 2.116659
    },
    "80": {
      "input": 4254,
      "output": 1394,
      "costUsd": 0.033672
    },
    "257": {
      "input": 24420,
      "output": 14909,
      "costUsd": 0.296895
    }
  }
}