{
  "project": "migration",
  "global": {
    "input": 109988,
    "output": 233688,
    "costUsd": 3.835284,
    "totalCalls": 31
  },
  "batches": {},
  "programs": {
    "28": {
      "input": 49504,
      "output": 72731,
      "costUsd": 1.2394770000000002
    },
    "32": {
      "input": 16020,
      "output": 96284,
      "costUsd": 1.4923199999999999
    },
    "33": {
      "input": 15790,
      "output": 48370,
      "costUsd": 0.7729199999999999
    },
    "80": {
      "input": 4254,
      "output": 1394,
      "costUsd": 0.033672
    },
    "257": {
      "input": 24420,
      "output": 14909,
      "costUsd": 0.296895
    }
  }
}