{
  "project": "migration",
  "global": {
    "input": 434365,
    "output": 373657,
    "costUsd": 6.907950000000001,
    "totalCalls": 60
  },
  "batches": {},
  "programs": {
    "28": {
      "input": 183775,
      "output": 87268,
      "costUsd": 1.8603450000000001
    },
    "32": {
      "input": 130793,
      "output": 196616,
      "costUsd": 3.341619
    },
    "33": {
      "input": 91123,
      "output": 73470,
      "costUsd": 1.3754189999999997
    },
    "80": {
      "input": 4254,
      "output": 1394,
      "costUsd": 0.033672
    },
    "257": {
      "input": 24420,
      "output": 14909,
      "costUsd": 0.296895
    }
  }
}